City_ID,City,Country,Lat,Lng,Max Temp,Humidity,Cloudiness,Wind Speed,Description
0,Touros,BR,-5.1989,-35.4608,88.7,62,8,15.08,clear sky
1,Cidreira,BR,-30.1811,-50.2056,75.33,71,6,9.69,clear sky
2,Hilo,US,19.7297,-155.09,75.27,48,75,4.61,broken clouds
3,Atuona,PF,-9.8,-139.0333,78.67,78,30,18.86,scattered clouds
4,Cape Town,ZA,-33.9258,18.4232,68.34,73,100,3.0,overcast clouds
5,Khatanga,RU,71.9667,102.5,-51.61,100,78,1.68,broken clouds
6,Saint-Joseph,RE,-21.3667,55.6167,77.38,78,90,14.41,light rain
7,Upernavik,GL,72.7868,-56.1549,6.28,92,100,10.31,overcast clouds
8,Eidfjord,NO,60.4675,7.0719,32.43,95,100,3.06,overcast clouds
9,Hobart,AU,-42.8794,147.3294,51.26,85,5,1.01,clear sky
10,Vanavara,RU,60.34,102.2797,-31.27,99,45,3.83,scattered clouds
11,Vaini,TO,-21.2,-175.2,75.36,94,75,6.91,light rain
12,Nalut,LY,30.3333,10.85,48.92,41,2,8.32,clear sky
13,Tiksi,RU,71.6872,128.8694,-21.66,100,95,1.39,overcast clouds
14,Bone,DE,51.9669,12.1396,40.82,96,100,6.96,overcast clouds
15,Ushuaia,AR,-54.8,-68.3,46.06,71,75,29.93,light rain
16,Nikolskoye,RU,59.7035,30.7861,23.4,97,98,5.64,light snow
17,Busselton,AU,-33.65,115.3333,52.05,72,69,10.38,broken clouds
18,Mataura,NZ,-46.1927,168.8643,47.48,94,82,1.03,broken clouds
19,Homer,US,59.6425,-151.5483,13.87,82,1,4.61,clear sky
20,Seymchan,RU,62.8833,152.4333,-15.63,98,100,4.41,light snow
21,Carnarvon,AU,-24.8667,113.6333,69.87,78,75,21.85,broken clouds
22,Cayenne,GF,4.9333,-52.3333,78.84,89,75,3.0,broken clouds
23,Asau,RO,46.4333,26.4,40.95,83,100,3.0,light rain
24,Salalah,OM,17.0151,54.0924,77.09,33,0,8.05,clear sky
25,Hervey Bay,AU,-25.2986,152.8535,72.01,82,19,1.01,few clouds
26,Port Alfred,ZA,-33.5906,26.891,71.06,88,78,12.03,broken clouds
27,Meulaboh,ID,4.1363,96.1285,76.28,93,94,6.35,overcast clouds
28,Avarua,CK,-21.2078,-159.775,77.05,83,75,4.61,light rain
29,Tuktoyaktuk,CA,69.4541,-133.0374,-7.22,96,100,16.04,overcast clouds
30,Marrakesh,MA,31.6315,-8.0083,69.87,28,0,5.75,clear sky
31,Salinas,US,36.6777,-121.6555,55.83,67,90,17.27,overcast clouds
32,Castro,BR,-24.7911,-50.0119,77.88,44,94,5.41,overcast clouds
33,Chuy,UY,-33.6971,-53.4616,82.2,47,1,12.71,clear sky
34,Rybinsk,RU,58.0446,38.8426,22.87,94,97,8.48,overcast clouds
35,Mayo,US,38.8876,-76.5119,50.9,39,1,11.99,clear sky
36,Ribeira Grande,PT,38.5167,-28.7,57.6,54,40,16.11,scattered clouds
37,Bengkulu,ID,-3.8004,102.2655,75.61,90,100,3.89,light rain
38,Norman Wells,CA,65.282,-126.8329,-3.17,94,100,14.0,overcast clouds
39,Isangel,VU,-19.55,169.2667,79.54,89,100,8.28,overcast clouds
40,Dikson,RU,73.5069,80.5464,-18.9,94,68,12.06,broken clouds
41,Qaanaaq,GL,77.484,-69.3632,-4.02,68,56,3.33,broken clouds
42,Pacific Grove,US,36.6177,-121.9166,54.66,64,99,1.01,overcast clouds
43,Yar-Sale,RU,66.8333,70.8333,-9.72,100,89,5.17,overcast clouds
44,Shanhetun,CN,44.7,127.2,5.97,91,7,6.58,clear sky
45,Mar Del Plata,AR,-38.0023,-57.5575,71.87,85,100,10.0,overcast clouds
46,Bluff,NZ,-46.6,168.3333,47.8,85,51,2.08,broken clouds
47,Waingapu,ID,-9.6567,120.2641,80.28,83,79,2.68,broken clouds
48,Campbell River,CA,50.0163,-125.2446,40.44,97,60,4.92,broken clouds
49,Vila Velha,BR,-20.3297,-40.2925,85.95,76,40,15.99,scattered clouds
50,Krasnoselkup,RU,65.7,82.4667,-14.39,91,100,6.49,overcast clouds
51,Dingle,PH,10.9995,122.6711,75.15,94,81,7.49,broken clouds
52,Punta Arenas,CL,-53.15,-70.9167,51.91,32,75,23.02,broken clouds
53,Aquiraz,BR,-3.9014,-38.3911,91.22,55,48,13.71,scattered clouds
54,Fortuna,US,40.5982,-124.1573,50.94,74,40,1.99,light rain
55,Puerto Ayora,EC,-0.7393,-90.3518,80.56,93,99,5.99,overcast clouds
56,Cabedelo,BR,-6.9811,-34.8339,83.97,65,1,13.15,clear sky
57,Ilulissat,GL,69.2167,-51.1,17.62,73,75,1.14,broken clouds
58,Rikitea,PF,-23.1203,-134.9692,77.31,74,62,6.46,broken clouds
59,Talnakh,RU,69.4865,88.3972,-20.79,88,100,1.74,overcast clouds
60,Awjilah,LY,29.1081,21.2869,59.09,40,55,5.95,broken clouds
61,Hasaki,JP,35.7333,140.8333,46.8,62,47,12.75,scattered clouds
62,Albany,US,42.6001,-73.9662,44.58,41,9,1.99,clear sky
63,Tura,IN,25.5198,90.2201,57.31,68,3,4.16,clear sky
64,Carauari,BR,-4.8828,-66.8958,81.73,88,100,3.89,overcast clouds
65,Kapaa,US,22.0752,-159.319,75.52,80,20,1.01,few clouds
66,Torbay,CA,47.6666,-52.7314,57.76,93,100,37.22,light rain
67,Bredasdorp,ZA,-34.5322,20.0403,66.27,80,100,6.85,overcast clouds
68,Iqaluit,CA,63.7506,-68.5145,0.37,87,75,7.78,broken clouds
69,Isla Mujeres,MX,21.2311,-86.731,84.25,65,15,11.21,few clouds
70,Katangli,RU,51.7102,143.2326,11.43,99,98,6.38,overcast clouds
71,Luwuk,ID,-0.9516,122.7875,78.75,87,100,3.18,overcast clouds
72,Ancud,CL,-41.8697,-73.8203,59.43,64,74,12.93,broken clouds
73,Saskylakh,RU,71.9167,114.0833,-44.9,100,69,3.44,broken clouds
74,Rio Gallegos,AR,-51.6226,-69.2181,52.65,44,78,36.31,broken clouds
75,Bambous Virieux,MU,-20.3428,57.7575,77.22,69,96,16.17,overcast clouds
76,Mukhen,RU,48.1,136.1,12.04,95,100,6.26,light snow
77,Saint-Philippe,RE,-21.3585,55.7679,78.39,80,94,14.67,light rain
78,Angoche,MZ,-16.2325,39.9086,81.27,77,4,13.91,clear sky
79,Sao Felix Do Xingu,BR,-6.6447,-51.995,81.37,85,99,3.67,overcast clouds
80,Ylivieska,FI,64.0833,24.55,31.32,93,98,6.87,overcast clouds
81,Mount Gambier,AU,-37.8333,140.7667,65.35,35,46,8.68,scattered clouds
82,Northam,GB,51.0333,-4.2167,55.02,83,96,17.6,overcast clouds
83,Hami,CN,42.8,93.45,23.92,43,0,6.4,clear sky
84,Oksfjord,NO,70.2396,22.3479,32.18,97,100,4.14,light snow
85,Yellowknife,CA,62.456,-114.3525,10.42,92,100,10.0,overcast clouds
86,Secunda,ZA,-26.55,29.1667,62.33,92,100,5.01,overcast clouds
87,Santa Maria,BR,-29.6842,-53.8069,94.37,28,46,3.29,scattered clouds
88,Acajutla,SV,13.5928,-89.8275,86.47,58,11,9.26,few clouds
89,Zhangye,CN,38.9342,100.4517,24.4,36,0,7.14,clear sky
90,Samarai,PG,-10.6167,150.6667,81.77,81,100,12.62,overcast clouds
91,Rundu,NA,-17.9333,19.7667,69.31,76,99,5.41,overcast clouds
92,Cherskiy,RU,68.75,161.3,-42.86,100,54,2.17,broken clouds
93,Pechenga,RU,69.5259,31.1703,25.66,91,100,11.45,overcast clouds
94,Beira,MZ,-19.8436,34.8389,84.29,74,20,20.71,few clouds
95,Matara,LK,5.9485,80.5353,77.83,83,100,7.78,overcast clouds
96,Saint-Georges,GD,12.0564,-61.7485,80.78,79,100,14.0,overcast clouds
97,Leningradskiy,RU,69.3833,178.4167,-31.9,92,8,3.47,clear sky
98,Ixtapa,MX,20.7,-105.2,81.63,54,1,6.91,clear sky
99,Saint-Pierre,RE,-21.3393,55.4781,78.48,73,0,19.57,clear sky
100,Santa Cruz Cabralia,BR,-16.2781,-39.0247,82.63,69,20,17.27,few clouds
101,Ossora,RU,59.2353,163.0719,10.02,93,100,22.53,snow
102,Dzilam Gonzalez,MX,21.2833,-88.9333,88.0,47,22,5.46,few clouds
103,Kaitangata,NZ,-46.2817,169.8464,45.79,91,90,2.59,overcast clouds
104,Vanderhoof,CA,54.0166,-124.0198,21.76,77,100,1.77,overcast clouds
105,Tymovskoye,RU,50.8456,142.655,16.05,97,99,4.05,snow
106,Kodiak,US,57.79,-152.4072,9.91,56,40,23.02,scattered clouds
107,Hambantota,LK,6.1241,81.1185,79.59,78,100,14.61,overcast clouds
108,Tupik,RU,54.4253,119.9327,-2.83,98,100,2.06,overcast clouds
109,Saint-Francois,FR,46.4154,3.9054,44.67,87,90,2.3,overcast clouds
110,Chumikan,RU,54.7183,135.315,8.26,90,100,8.23,overcast clouds
111,Naze,JP,28.3667,129.4833,62.58,67,48,17.16,scattered clouds
112,Salinopolis,BR,-0.6136,-47.3561,85.57,66,54,13.56,broken clouds
113,Jingdezhen,CN,29.2947,117.2079,48.11,83,100,3.98,overcast clouds
114,Clyde River,CA,70.4692,-68.5914,-17.84,96,21,4.05,few clouds
115,Volodarsk,RU,56.2261,43.1861,6.82,92,77,5.28,broken clouds
116,Igarka,RU,67.4667,86.5833,-17.1,89,100,2.48,overcast clouds
117,Pop,UZ,40.8736,71.1089,36.09,33,18,2.91,few clouds
118,Orlik,RU,52.5178,99.825,-2.87,82,85,3.78,overcast clouds
119,Baykit,RU,61.67,96.37,-22.18,99,79,2.75,broken clouds
120,Katsuura,JP,35.1333,140.3,55.51,66,8,8.72,clear sky
121,Kandi,BJ,11.1342,2.9386,83.8,15,83,5.57,broken clouds
122,Nome,US,64.5011,-165.4064,-7.53,59,1,0.0,clear sky
123,Ambon,ID,-3.6954,128.1814,81.84,79,99,5.53,moderate rain
124,Victoria,HK,22.2855,114.1577,68.32,65,12,4.0,few clouds
125,Astoria,US,46.1879,-123.8313,43.86,90,90,3.0,moderate rain
126,Doctor Arroyo,MX,23.6667,-100.1833,63.75,51,62,11.97,broken clouds
127,Grindavik,IS,63.8424,-22.4338,41.47,87,75,24.16,broken clouds
128,East London,ZA,-33.0153,27.9116,71.26,93,58,5.21,moderate rain
129,Guerrero Negro,MX,27.9769,-114.0611,66.07,46,7,5.68,clear sky
130,Davila,PH,18.4726,120.5763,75.83,75,71,23.17,broken clouds
131,San Cristobal,VE,7.7669,-72.225,78.98,37,91,4.72,overcast clouds
132,Ponta Do Sol,PT,32.6667,-17.1,68.0,77,46,2.55,scattered clouds
133,Jamestown,US,42.097,-79.2353,43.72,50,31,14.0,scattered clouds
134,Naryan-Mar,RU,67.6713,53.087,19.38,96,100,7.2,overcast clouds
135,Waipawa,NZ,-41.4122,175.5153,54.23,94,100,7.54,overcast clouds
136,Rawson,AR,-43.3002,-65.1023,74.61,19,6,19.22,clear sky
137,Berdigestyakh,RU,62.0989,126.6992,-13.0,98,98,5.08,overcast clouds
138,Thompson,CA,55.7435,-97.8558,5.94,92,97,1.48,overcast clouds
139,Narsaq,GL,60.9167,-46.05,19.62,82,10,4.56,clear sky
140,Bay Roberts,CA,47.5999,-53.2648,58.51,93,100,17.0,moderate rain
141,Hermanus,ZA,-34.4187,19.2345,67.89,85,100,1.81,overcast clouds
142,Vardo,NO,70.3705,31.1107,28.38,86,75,10.36,broken clouds
143,Constitucion,CL,-35.3333,-72.4167,62.69,55,10,18.14,clear sky
144,Borba,BR,-4.3878,-59.5939,87.67,68,100,4.25,overcast clouds
145,Sindor,RU,62.8629,51.8905,11.53,85,86,6.96,overcast clouds
146,Souillac,MU,-20.5167,57.5167,77.36,71,91,14.58,overcast clouds
147,Mrakovo,RU,52.7161,56.6244,4.41,96,7,2.59,clear sky
148,Vila Franca Do Campo,PT,37.7167,-25.4333,59.41,75,82,21.43,broken clouds
149,Vestmanna,FO,62.1564,-7.1664,41.92,75,75,13.8,broken clouds
150,Padang,ID,-0.9492,100.3543,77.05,86,100,3.78,overcast clouds
151,Mehamn,NO,71.0357,27.8492,30.38,86,75,10.36,light snow
152,Butaritari,KI,3.0707,172.7902,82.08,74,98,18.01,overcast clouds
153,Pisco,PE,-13.7,-76.2167,73.45,68,40,9.22,scattered clouds
154,Palmer,US,42.1584,-72.3287,46.69,48,35,4.0,scattered clouds
155,Malartic,CA,48.1335,-78.1328,31.01,83,80,13.11,broken clouds
156,Saldanha,ZA,-33.0117,17.9442,63.45,90,100,14.41,overcast clouds
157,Eureka,US,40.8021,-124.1637,51.21,95,94,1.99,overcast clouds
158,Buenos Aires,AR,-34.6132,-58.3772,81.0,65,0,5.75,clear sky
159,Husavik,IS,66.0449,-17.3389,35.26,79,91,18.97,overcast clouds
160,Sardinata,CO,8.0829,-72.8007,85.68,58,95,5.48,overcast clouds
161,Hamilton,US,39.1834,-84.5333,48.88,50,39,4.0,scattered clouds
162,Bairiki,KI,1.3292,172.9752,81.57,71,100,17.6,overcast clouds
163,Sao Jose Da Coroa Grande,BR,-8.8978,-35.1478,83.61,65,20,11.68,few clouds
164,Dhidhdhoo,MV,6.8833,73.1,82.38,74,86,9.24,overcast clouds
165,Atar,MR,20.5169,-13.0499,81.28,11,51,8.84,broken clouds
166,Brownsville,US,25.9018,-97.4975,66.94,71,90,5.99,overcast clouds
167,Port Elizabeth,ZA,-33.918,25.5701,72.1,91,87,9.78,overcast clouds
168,Chimay,BE,50.0486,4.3171,47.95,99,100,8.16,overcast clouds
169,Poum,NC,-20.2333,164.0167,77.99,84,100,15.14,overcast clouds
170,Sitka,US,57.0531,-135.33,33.69,80,90,3.44,light snow
171,Fort Nelson,CA,58.8053,-122.7002,-5.03,98,99,2.77,overcast clouds
172,Sinjar,IQ,36.3209,41.8754,53.42,28,29,2.28,scattered clouds
173,Cavalcante,BR,-13.7975,-47.4583,78.4,76,100,2.93,overcast clouds
174,Longyearbyen,SJ,78.2186,15.6401,31.84,74,75,18.41,light snow
175,Churachandpur,IN,24.3333,93.6667,48.18,87,0,1.92,clear sky
176,Lata,PT,40.1629,-8.3327,58.93,76,37,2.98,scattered clouds
177,Kahului,US,20.8947,-156.47,74.46,88,40,13.8,scattered clouds
178,Maldonado,UY,-34.6667,-54.9167,87.19,44,43,13.31,scattered clouds
179,Broome,US,42.2506,-75.833,45.21,47,1,5.99,clear sky
180,The Valley,AI,18.217,-63.0578,84.09,74,70,20.71,broken clouds
181,Bethel,US,41.3712,-73.414,47.19,38,1,5.99,clear sky
182,Petropavlovsk-Kamchatskiy,RU,53.0452,158.6483,30.79,64,75,11.18,broken clouds
183,Sinnamary,GF,5.3833,-52.95,77.36,89,100,12.3,overcast clouds
184,Shumskiy,RU,54.8318,99.1328,19.83,95,100,5.14,light snow
185,Khandyga,RU,62.6667,135.6,-40.25,100,75,1.63,broken clouds
186,Marzuq,YE,14.4,46.4667,59.5,39,0,2.15,clear sky
187,Arraial Do Cabo,BR,-22.9661,-42.0278,87.76,62,0,11.5,clear sky
188,Pevek,RU,69.7008,170.3133,-33.95,96,28,1.77,scattered clouds
189,Jining,CN,35.405,116.5814,37.0,1,1,3.4,clear sky
190,Mujiayingzi,CN,42.1167,118.7833,16.05,40,0,8.12,clear sky
191,Tezu,IN,27.9167,96.1667,62.01,54,35,3.18,scattered clouds
192,New Norfolk,AU,-42.7826,147.0587,49.91,72,10,2.15,clear sky
193,College,US,64.8569,-147.8028,-7.8,69,90,0.0,light snow
194,Cairns,AU,-16.9167,145.7667,78.75,88,69,5.75,broken clouds
195,Kudus,ID,-6.8048,110.8405,76.41,92,70,3.0,broken clouds
196,Solnechnyy,RU,50.7214,136.6319,14.31,90,100,9.19,light snow
197,Egvekinot,RU,66.3167,-179.1667,-24.7,87,16,6.06,few clouds
198,Kupang,ID,-10.1667,123.5833,77.58,100,20,1.14,light rain
199,Sola,VU,-13.8833,167.55,82.29,78,100,16.04,light rain
200,Namatanai,PG,-3.6667,152.4333,79.32,83,100,2.66,overcast clouds
201,Paragould,US,36.0584,-90.4973,50.09,52,0,8.57,clear sky
202,Amazar,RU,53.858,120.875,-0.74,96,100,1.23,overcast clouds
203,Sierra Vista,US,31.5545,-110.3037,62.49,37,1,5.01,clear sky
204,Zhanakorgan,KZ,43.9098,67.2495,39.94,93,100,4.56,overcast clouds
205,Sampit,ID,-2.5333,112.95,74.7,98,100,2.57,overcast clouds
206,Praia Da Vitoria,PT,38.7333,-27.0667,57.76,67,40,27.04,scattered clouds
207,Gusau,NG,12.1628,6.6614,80.71,15,40,8.61,scattered clouds
208,Olafsvik,IS,64.8945,-23.7142,41.41,92,100,17.13,overcast clouds
209,Manta,EC,-0.95,-80.7333,76.78,83,90,3.44,light rain
210,Juneau,US,58.3019,-134.4197,27.21,95,100,8.1,light snow
211,Oranjemund,NA,-28.55,16.4333,63.63,85,3,11.7,clear sky
212,Preeceville,CA,51.95,-102.6677,19.4,93,84,6.02,broken clouds
213,Severo-Kurilsk,RU,50.6789,156.125,33.03,96,100,13.73,light snow
214,Iquique,CL,-20.2208,-70.1431,69.84,75,51,7.56,broken clouds
215,Lavrentiya,RU,65.5833,-171.0,-13.09,83,2,4.63,clear sky
216,Bani Walid,LY,31.7566,13.9942,53.1,58,19,11.27,few clouds
217,Srednekolymsk,RU,67.45,153.6833,-43.53,99,97,3.42,overcast clouds
218,Malakal,SS,9.5334,31.6605,83.5,23,78,5.75,broken clouds
219,Marsa Matruh,EG,31.3525,27.2453,63.21,34,100,3.49,overcast clouds
220,Agadez,NE,19.75,10.25,66.51,10,7,6.6,clear sky
221,Bukama,CD,-9.2,25.85,68.99,97,99,0.6,moderate rain
222,Pudozh,RU,61.8099,36.5345,16.12,96,100,5.61,light snow
223,Sungaipenuh,ID,-2.0833,101.3833,64.72,97,100,2.62,moderate rain
224,Sosnovo-Ozerskoye,RU,52.5249,111.5418,7.93,85,100,12.06,overcast clouds
225,Zhoucun,CN,36.8167,117.8167,29.26,41,0,2.95,clear sky
226,Aden,YE,12.7794,45.0367,79.29,64,0,15.1,clear sky
227,Sugar Land,US,29.6197,-95.6349,59.29,51,1,0.0,clear sky
228,Cootamundra,AU,-34.65,148.0333,55.94,82,0,5.95,clear sky
229,Sao Filipe,CV,14.8961,-24.4956,75.65,69,20,9.95,few clouds
230,Stromness,GB,58.965,-3.296,46.65,74,100,18.5,overcast clouds
231,Kazachinskoye,RU,57.6953,93.2761,5.31,96,100,4.79,overcast clouds
232,Erenhot,CN,43.6475,111.9767,15.58,60,0,15.12,clear sky
233,Kangavar,IR,34.5043,47.9653,44.56,25,0,1.63,clear sky
234,Requena,ES,39.4883,-1.1004,51.13,77,4,3.0,clear sky
235,Warrington,GB,53.3925,-2.5802,54.86,91,20,1.99,few clouds
236,Tecolutla,MX,20.4833,-97.0167,66.06,53,100,10.47,overcast clouds
237,Matamoros,MX,25.5333,-103.25,65.1,29,20,0.0,few clouds
238,Khor,RU,47.8861,134.9464,9.54,92,100,13.15,overcast clouds
239,Nanortalik,GL,60.1432,-45.2371,22.24,79,53,9.93,broken clouds
240,Ponta Delgada,PT,37.7333,-25.6667,59.72,72,40,12.66,scattered clouds
241,Sao Joao Da Barra,BR,-21.6403,-41.0511,86.09,80,77,18.41,broken clouds
242,Castlegar,CA,49.2998,-117.6689,39.88,96,99,3.58,overcast clouds
243,Muros,ES,42.7762,-9.0603,58.84,91,33,4.29,scattered clouds
244,Flinders,AU,-34.5833,150.8552,61.21,87,50,6.26,scattered clouds
245,Trinidad,BO,-14.8333,-64.9,82.38,89,75,16.11,broken clouds
246,Sloboda,RU,51.1421,40.3021,26.69,57,21,11.05,few clouds
247,Eston,CA,51.1501,-108.7514,28.29,68,25,18.95,scattered clouds
248,Barrow,US,71.2906,-156.7887,-9.38,70,1,13.8,clear sky
249,Camacha,PT,33.0833,-16.3333,64.53,94,75,4.61,broken clouds
250,Saint George,US,37.1041,-113.5841,52.54,53,1,1.99,clear sky
251,Lepaterique,HN,14.0667,-87.4667,71.2,42,3,9.95,clear sky
252,Thunder Bay,CA,48.4001,-89.3168,39.56,60,1,12.66,clear sky
253,Moriyama,JP,35.0667,135.9833,50.63,76,99,5.01,overcast clouds
254,Teguise,ES,29.0605,-13.564,62.82,82,0,11.5,clear sky
255,Mutoko,ZW,-17.397,32.2268,73.22,36,5,4.81,clear sky
256,Charlestown,AU,-32.95,151.6667,62.73,81,62,3.0,broken clouds
257,Togitsu,JP,32.8333,129.85,47.19,69,12,13.38,few clouds
258,Terra Nova,BR,-12.3667,-40.6667,80.2,61,95,6.51,overcast clouds
259,Athens,GR,37.9795,23.7162,60.17,66,20,1.01,few clouds
260,Kavieng,PG,-2.5744,150.7967,83.05,77,100,4.38,overcast clouds
261,Ahipara,NZ,-35.1667,173.1667,67.06,97,100,5.59,moderate rain
262,Partapur,IN,23.6,74.1667,67.73,47,1,6.17,clear sky
263,Blagoveshchensk,RU,50.2667,127.5333,-4.59,65,0,4.47,clear sky
264,Codajas,BR,-3.8367,-62.0569,76.89,96,100,3.18,overcast clouds
265,Tuatapere,NZ,-46.1333,167.6833,48.81,84,53,2.53,broken clouds
266,Maniitsoq,GL,65.4167,-52.9,17.85,71,47,5.77,scattered clouds
267,Kudahuvadhoo,MV,2.6708,72.8944,81.39,75,100,11.45,light rain
268,Hirara,JP,24.8,125.2833,70.77,73,98,28.03,overcast clouds
269,Sao Miguel Do Araguaia,BR,-13.275,-50.1628,81.81,77,100,7.34,moderate rain
270,Hithadhoo,MV,-0.6,73.0833,81.14,78,100,10.54,overcast clouds
271,Walvis Bay,NA,-22.9575,14.5053,65.35,77,0,14.97,clear sky
272,Verkhnevilyuysk,RU,63.4453,120.3167,-25.06,95,100,6.13,overcast clouds
273,Moranbah,AU,-22.0016,148.0466,72.0,80,1,11.23,clear sky
274,Sulangan,PH,11.1373,123.7228,80.64,85,69,15.39,broken clouds
275,Namibe,AO,-15.1961,12.1522,71.89,77,5,5.03,clear sky
276,Kruisfontein,ZA,-34.0033,24.7314,69.89,85,98,9.33,overcast clouds
277,Port Blair,IN,11.6667,92.75,79.79,76,11,11.21,few clouds
278,Abasolo,MX,20.45,-101.5167,74.52,35,63,4.34,broken clouds
279,Santa Cruz,BO,-17.8,-63.1667,75.25,88,90,11.5,overcast clouds
280,Chulym,RU,55.0997,80.9572,-5.15,100,53,6.22,broken clouds
281,Godo,JP,35.4167,136.6,51.62,100,92,8.63,overcast clouds
282,Avera,US,33.194,-82.5271,61.48,42,16,9.13,few clouds
283,Harlingen,US,26.1906,-97.6961,67.91,54,90,9.22,overcast clouds
284,Port-Gentil,GA,-0.7193,8.7815,79.48,82,100,7.11,overcast clouds
285,Tasiilaq,GL,65.6145,-37.6368,37.56,69,100,21.27,overcast clouds
286,Labuhan,ID,-6.8844,112.2051,78.39,87,59,9.86,broken clouds
287,Winslow,US,35.0242,-110.6974,42.96,40,1,1.99,clear sky
288,Komsomolskiy,UZ,40.4272,71.7189,36.82,51,27,2.3,haze
289,Vao,NC,-22.6667,167.4833,77.94,89,100,16.17,light rain
290,Rathdrum,US,47.8137,-116.892,40.23,86,75,3.0,broken clouds
291,Yablonovo,RU,50.8523,37.3574,28.26,71,85,13.11,overcast clouds
292,Corn Island,NI,12.1694,-83.0418,80.73,78,10,15.88,clear sky
293,Idanre,NG,7.1127,5.1159,80.65,32,83,2.46,broken clouds
294,Kirakira,SB,-10.4544,161.9205,81.72,85,100,13.38,overcast clouds
295,Ust-Maya,RU,60.4167,134.5333,-39.96,100,99,0.56,overcast clouds
296,Baruun-Urt,MN,46.6806,113.2792,13.06,59,5,23.15,clear sky
297,Bloomsburg,US,41.0037,-76.4549,47.14,50,14,10.45,few clouds
298,Ust-Nera,RU,64.5667,143.2,-40.59,98,71,0.25,broken clouds
299,Laela,TZ,-8.5667,32.05,63.03,89,87,2.1,moderate rain
300,Turayf,SA,31.6725,38.6637,57.45,51,0,16.11,clear sky
301,Roros,NO,62.5747,11.3842,28.24,80,75,5.75,light snow
302,Ahar,IR,38.4774,47.0699,38.39,65,8,2.75,clear sky
303,Megion,RU,61.0296,76.1136,-2.18,98,98,1.66,overcast clouds
304,Kinarut,MY,5.8231,116.0466,78.82,94,20,4.61,few clouds
305,Camden,US,39.7835,-74.9663,49.59,42,3,5.01,clear sky
306,Yulara,AU,-25.2406,130.9889,69.64,88,90,5.75,overcast clouds
307,Bjornevatn,NO,69.6672,29.9847,26.22,86,75,11.5,broken clouds
308,Amahai,ID,-3.3333,128.9167,79.99,83,100,3.58,overcast clouds
309,Lamu,KE,-2.2717,40.902,80.82,80,73,11.18,light rain
310,Georgetown,MY,5.4112,100.3354,81.9,81,40,8.05,thunderstorm
311,Yinchuan,CN,38.4681,106.2731,25.3,33,0,3.09,clear sky
312,Port Shepstone,ZA,-30.7414,30.455,74.21,90,100,2.91,overcast clouds
313,Altay,CN,47.8667,88.1167,11.68,60,100,5.53,overcast clouds
314,San Jeronimo,PE,-11.9472,-75.2829,66.52,40,24,3.04,few clouds
315,Wanxian,CN,30.8039,108.3897,50.52,82,100,2.28,overcast clouds
316,Alofi,NU,-19.0595,-169.9187,77.86,74,7,9.37,clear sky
317,Chitral,PK,35.8462,71.7858,35.46,40,0,5.44,clear sky
318,Quatre Cocos,MU,-20.2078,57.7625,78.91,69,100,16.51,overcast clouds
319,Praxedis Guerrero,MX,31.3667,-106.0167,56.28,34,0,4.9,clear sky
320,Haines Junction,CA,60.7522,-137.5108,-11.25,70,99,1.14,overcast clouds
321,Manokwari,ID,-0.8667,134.0833,79.36,83,100,6.64,overcast clouds
322,Tiarei,PF,-17.5333,-149.3333,82.42,78,51,10.22,light rain
323,Calumboyan,PH,10.7917,124.0267,78.46,88,85,4.0,overcast clouds
324,Santa Cruz Del Sur,CU,20.7147,-77.9956,87.21,54,1,9.73,moderate rain
325,Severnyy,RU,50.677,36.5532,28.44,100,90,13.42,mist
326,Faanui,PF,-16.4833,-151.75,80.49,74,83,11.07,broken clouds
327,Sorland,NO,67.667,12.6934,39.27,68,94,12.91,overcast clouds
328,Barcelos,PT,41.5388,-8.6151,57.92,78,25,2.42,scattered clouds
329,Adrar,MR,20.5022,-10.0711,75.09,12,45,8.79,scattered clouds
330,Cap-Aux-Meules,CA,47.3821,-61.8597,35.65,60,90,33.38,overcast clouds
331,Ningyang,CN,35.7642,116.7914,36.72,47,0,3.36,clear sky
332,Seoul,KR,37.5683,126.9778,26.04,54,0,5.75,clear sky
333,Kakching,IN,24.4833,93.9833,49.77,85,0,1.28,clear sky
334,Benguela,AO,-12.5763,13.4055,78.78,82,72,7.94,broken clouds
335,Kushima,JP,31.4583,131.2333,53.11,71,7,13.53,clear sky
336,Ishinomaki,JP,38.4167,141.3,41.02,74,76,25.19,broken clouds
337,Ostrovnoy,RU,68.0531,39.5131,29.39,90,100,18.68,overcast clouds
338,Lasa,IT,46.6166,10.7002,40.08,83,40,7.81,scattered clouds
339,Tucuman,AR,-26.8241,-65.2226,93.2,49,40,3.44,scattered clouds
340,Birao,CF,10.2849,22.7882,79.41,24,51,6.04,broken clouds
341,Acapulco,MX,16.8634,-99.8901,87.62,66,1,2.3,clear sky
342,Taldan,RU,53.6667,124.8,-8.68,89,31,1.52,scattered clouds
343,Porto Novo,BJ,6.4965,2.6036,85.82,76,58,9.06,broken clouds
344,Botro,CI,7.8525,-5.3106,86.07,31,75,1.14,broken clouds
345,Yueyang,CN,29.3333,113.0919,46.42,85,64,6.22,broken clouds
346,Gibara,CU,21.1097,-76.1317,88.92,59,7,16.02,clear sky
347,Luderitz,NA,-26.6481,15.1594,64.24,79,0,14.25,clear sky
348,Harper,LR,4.375,-7.7169,81.37,78,46,8.84,scattered clouds
349,Coquimbo,CL,-29.9533,-71.3436,69.53,52,20,14.97,few clouds
350,Provideniya,RU,64.3833,-173.3,-10.17,89,51,6.08,broken clouds
351,Taiobeiras,BR,-15.8078,-42.2331,77.49,69,92,9.15,overcast clouds
352,Tepeaca,MX,18.9667,-97.9,69.78,43,18,5.77,few clouds
353,Delta Del Tigre,UY,-34.7633,-56.3853,82.81,57,75,12.66,broken clouds
354,Nisia Floresta,BR,-6.0911,-35.2086,88.61,54,41,13.27,scattered clouds
355,Algiers,DZ,36.7525,3.042,51.62,76,20,2.3,few clouds
356,Evensk,RU,61.95,159.2333,10.2,49,100,24.43,overcast clouds
357,Karatuzskoye,RU,53.6072,92.8667,25.43,70,100,12.93,light snow
358,Mahon,ES,39.8885,4.2658,48.76,87,20,3.44,few clouds
359,El Higo,MX,21.7667,-98.4667,66.54,33,96,5.57,overcast clouds
360,Alamor,EC,-4.0181,-80.0197,63.64,65,82,5.75,light rain
361,Lesnoy,RU,57.6198,63.0784,18.91,68,20,9.75,few clouds
362,Palmas Bellas,PA,9.2319,-80.0867,88.34,73,23,10.71,few clouds
363,Lebu,CL,-37.6167,-73.65,58.19,57,6,9.86,clear sky
364,Senanga,ZM,-16.1167,23.2667,81.79,43,100,7.67,overcast clouds
365,Nizhniy Odes,RU,63.6445,54.856,10.62,90,82,6.69,broken clouds
366,Urubicha,BO,-15.3833,-62.95,79.09,96,100,4.85,moderate rain
367,Takayama,JP,36.1333,137.25,41.29,99,100,6.46,overcast clouds
368,Doda,IN,33.1333,75.5667,49.19,36,100,2.64,overcast clouds
369,Ambilobe,MG,-13.2,49.05,76.6,72,67,3.91,broken clouds
370,Gazli,UZ,40.1333,63.45,45.18,82,79,7.23,broken clouds
371,Brewster,US,41.3973,-73.6171,48.15,37,1,1.01,clear sky
372,Sibolga,ID,1.7427,98.7792,76.96,89,100,2.95,overcast clouds
373,Haifa,IL,32.8156,34.9892,72.54,28,0,14.97,clear sky
374,Ngunguru,NZ,-35.6167,174.5,70.16,93,100,6.98,light rain
375,Ahuimanu,US,21.4447,-157.8378,74.91,76,75,13.8,broken clouds
376,Jalu,LY,29.0331,21.5482,58.35,29,52,5.66,broken clouds
377,Uchiza,PE,-8.4592,-76.4633,83.57,77,87,2.3,overcast clouds
378,Margate,GB,51.3813,1.3862,53.96,89,92,1.99,overcast clouds
379,Ugoofaaru,MV,5.6667,73.0,82.29,76,98,10.98,overcast clouds
380,Lagoa,PT,39.05,-27.9833,57.47,51,98,28.3,overcast clouds
381,Honiara,SB,-9.4333,159.95,78.48,91,100,3.87,overcast clouds
382,Abnub,EG,27.2696,31.1511,69.04,36,100,5.93,overcast clouds
383,Iroquois Falls,CA,48.7669,-80.6831,30.34,88,100,11.45,overcast clouds
384,Gondanglegi,ID,-7.7479,112.0132,75.88,92,72,7.56,broken clouds
385,Nouakchott,MR,18.0858,-15.9785,89.53,27,62,10.11,broken clouds
386,Shieli,KZ,44.1667,66.75,38.28,97,100,2.64,overcast clouds
387,Sfantu Gheorghe,RO,45.8667,25.7833,49.57,59,50,2.73,scattered clouds
388,Lorengau,PG,-2.0226,147.2712,82.2,84,87,10.94,overcast clouds
389,Beloha,MG,-25.1667,45.05,75.4,76,81,11.61,broken clouds
390,Fairbanks,US,64.8378,-147.7164,-6.77,73,1,0.0,light snow
391,Yafran,LY,32.0633,12.5286,47.82,58,61,8.95,broken clouds
392,Chauk,MM,20.8833,94.8167,70.18,60,5,5.53,clear sky
393,Le Port,RE,-20.9373,55.2919,78.8,76,94,8.66,overcast clouds
394,Bathsheba,BB,13.2167,-59.5167,77.61,83,75,25.32,broken clouds
395,Puerto Narino,CO,-3.7703,-70.3831,89.55,74,93,2.75,overcast clouds
396,Taoudenni,ML,22.6783,-3.9836,75.06,11,58,11.36,broken clouds
397,San Carlos Del Zulia,VE,9.0,-71.9135,89.89,47,63,4.81,broken clouds
398,Levelland,US,33.5873,-102.378,60.19,16,0,16.51,clear sky
399,Trairi,BR,-3.2778,-39.2689,87.6,55,50,16.13,scattered clouds
400,Kaka,TM,37.3482,59.6143,49.78,66,38,2.35,scattered clouds
401,Brae,GB,60.3964,-1.353,46.31,78,100,12.17,overcast clouds
402,Jiangyou,CN,31.7667,104.7167,47.39,72,100,4.34,overcast clouds
403,Rocha,UY,-34.4833,-54.3333,81.43,47,35,13.15,scattered clouds
404,Quartz Hill,US,34.6453,-118.2181,59.25,36,7,1.01,clear sky
405,Tevaitoa,PF,-16.7833,-151.5,80.56,73,85,11.52,overcast clouds
406,Shimoda,JP,34.6667,138.95,54.1,61,3,26.64,clear sky
407,Nishihara,JP,26.1842,127.7558,69.08,64,75,18.41,broken clouds
408,Gbarnga,LR,6.9956,-9.4722,83.95,51,18,1.83,few clouds
409,Nioro,GM,13.35,-15.75,92.7,21,19,4.38,few clouds
410,Herat,AF,34.5,62.0,40.55,57,8,9.24,clear sky
411,Itarema,BR,-2.9248,-39.9167,87.21,59,82,19.51,broken clouds
412,Mae Hong Son,TH,19.3003,97.9685,67.37,83,18,2.04,few clouds
413,Oranjestad,AW,12.524,-70.027,85.95,70,40,4.0,scattered clouds
414,Ihosy,MG,-22.4,46.1167,71.08,69,0,12.41,clear sky
415,Karratha,AU,-20.7377,116.8463,90.09,22,2,12.48,clear sky
416,Wageningen,NL,51.9667,5.6667,52.11,96,90,6.91,mist
417,Sawtell,AU,-30.3833,153.1,62.62,88,75,10.36,broken clouds
418,Suntar,RU,62.1444,117.6319,-14.87,94,99,5.37,overcast clouds
419,Jumla,NP,29.2747,82.1838,38.25,40,33,4.9,scattered clouds
420,Codrington,AU,-38.2667,141.9667,64.38,38,57,9.42,broken clouds
421,China,MX,25.7,-99.2333,61.81,19,6,6.71,clear sky
422,Takoradi,GH,4.8845,-1.7554,81.54,80,73,9.91,broken clouds
423,Matagami,CA,49.7502,-77.6328,26.71,86,90,8.05,overcast clouds
424,Xiaoweizhai,CN,26.1903,107.5125,43.16,91,100,4.47,overcast clouds
425,Noumea,NC,-22.2763,166.4572,82.99,99,100,5.95,overcast clouds
426,Kieta,PG,-6.2167,155.6333,80.55,84,100,1.43,overcast clouds
427,Elizabeth City,US,36.2946,-76.2511,52.02,35,34,3.0,scattered clouds
428,Neijiang,CN,29.5835,105.0622,48.52,81,14,3.53,few clouds
429,Peringat,MY,6.0333,102.2833,76.95,94,20,2.3,few clouds
430,Daru,PG,-9.0763,143.2092,76.93,92,98,9.86,overcast clouds
431,Maun,BW,-19.9833,23.4167,74.1,65,98,1.86,light rain
432,Banjar,ID,-8.19,114.9675,80.46,91,100,4.94,overcast clouds
433,Bar Bigha,IN,25.2167,85.7333,60.49,41,1,3.29,clear sky
434,Huarmey,PE,-10.0681,-78.1522,73.36,72,51,11.34,broken clouds
435,Sabha,LY,27.0377,14.4283,55.99,34,2,4.18,clear sky
436,Sabinas Hidalgo,MX,26.5,-100.1667,62.44,22,0,4.9,clear sky
437,Sur,OM,22.5667,59.5289,72.34,57,2,7.81,clear sky
438,Eyl,SO,7.9803,49.8164,77.14,75,10,23.67,clear sky
439,Klaksvik,FO,62.2266,-6.589,43.72,73,100,18.41,overcast clouds
440,Port Hedland,AU,-20.3167,118.5667,84.25,84,2,6.91,clear sky
441,San Roque,ES,36.2107,-5.3842,59.83,82,20,11.5,few clouds
442,Itoman,JP,26.1247,127.6694,69.82,64,75,18.41,broken clouds
443,Hukuntsi,BW,-24.0,21.75,80.46,43,94,14.23,overcast clouds
444,Natal,BR,-5.795,-35.2094,88.45,70,40,18.41,scattered clouds
445,Omsukchan,RU,62.5333,155.8,-5.6,99,100,4.92,overcast clouds
446,Axim,GH,4.8699,-2.2405,81.34,79,73,7.76,broken clouds
447,Cheney,US,47.4874,-117.5758,38.25,89,75,14.97,broken clouds
448,Port Macquarie,AU,-31.4333,152.9167,60.89,88,15,9.37,few clouds
449,Moose Factory,CA,51.2585,-80.6094,19.4,79,90,6.91,overcast clouds
450,Kununurra,AU,-15.7667,128.7333,82.38,69,20,4.61,few clouds
451,Tsybli,UA,49.9948,31.5628,33.93,76,100,13.06,light snow
452,Champerico,GT,14.3,-91.9167,91.94,65,1,7.09,clear sky
453,Albina,SR,5.5,-54.05,74.57,98,100,2.77,overcast clouds
454,Tautira,PF,-17.7333,-149.15,82.42,78,36,11.36,light rain
455,San Quintin,MX,30.4833,-115.95,62.33,47,6,5.64,clear sky
456,Puerto El Triunfo,SV,13.2833,-88.55,92.26,53,0,7.9,clear sky
457,Manaure,CO,11.7751,-72.4445,84.81,61,100,11.59,overcast clouds
458,Itaituba,BR,-4.2761,-55.9836,91.56,55,40,5.75,scattered clouds
459,Cururupu,BR,-1.8283,-44.8683,88.66,55,80,8.28,broken clouds
460,Okha,RU,53.5739,142.9478,26.04,90,100,20.27,light snow
461,Beringovskiy,RU,63.05,179.3167,-25.74,94,64,9.42,broken clouds
462,Katobu,ID,-4.9408,122.5276,76.96,90,100,3.15,overcast clouds
463,Mecca,SA,21.4267,39.8261,75.42,60,44,2.42,scattered clouds
464,Lompoc,US,34.6391,-120.4579,62.56,64,1,3.44,clear sky
465,Shumikha,RU,55.2261,63.2961,11.61,84,36,8.43,scattered clouds
466,Castrillon,ES,43.3979,-6.7922,48.74,92,75,3.13,broken clouds
467,Ikornnes,NO,62.3873,6.557,44.74,78,100,1.01,overcast clouds
468,Baijiantan,CN,45.6333,85.1833,16.29,84,100,2.95,overcast clouds
469,Valdivia,CL,-39.8142,-73.2459,60.89,63,76,8.61,broken clouds
470,Cedar City,US,37.6775,-113.0619,41.4,39,1,8.05,clear sky
471,Aguimes,ES,27.9054,-15.4461,63.66,72,20,16.11,few clouds
472,Tangermunde,DE,52.5446,11.9765,41.14,56,100,1.01,overcast clouds
473,Yashalta,RU,46.3395,42.2762,33.58,68,96,19.89,overcast clouds
474,Ciudad Bolivar,VE,8.1222,-63.5497,79.66,76,100,9.33,overcast clouds
475,Novyy Yarychiv,UA,49.9044,24.3052,33.15,100,100,10.67,snow
476,Mount Isa,AU,-20.7333,139.5,64.17,32,0,3.44,clear sky
477,Morogoro,TZ,-6.8167,37.6667,70.84,93,47,4.47,moderate rain
478,Yanam,IN,16.7333,82.2167,76.53,74,21,7.81,light rain
479,Laguna,US,38.421,-121.4238,54.41,84,90,1.01,overcast clouds
480,Skjervoy,NO,70.0311,20.9714,32.18,96,100,10.65,light snow
481,Araouane,ML,18.9048,-3.5265,76.12,8,4,8.08,clear sky
482,Te Anau,NZ,-45.4167,167.7167,46.42,91,61,0.96,light rain
483,Vostok,RU,46.4856,135.8833,3.33,96,100,8.86,light snow
484,Tambun,ID,-6.2641,107.0712,80.04,77,100,2.01,overcast clouds
485,Vodnyy,RU,63.5046,53.4095,10.71,88,75,6.87,broken clouds
486,Arona,ES,28.0996,-16.681,62.82,65,75,3.0,broken clouds
487,Batsfjord,NO,70.6345,29.7185,28.4,87,100,16.42,overcast clouds
488,Anamur,TR,36.0751,32.8369,53.62,61,89,11.95,overcast clouds
489,Clarence Town,AU,-32.5833,151.7833,62.85,87,46,2.35,scattered clouds
490,Sanchursk,RU,56.9413,47.2499,9.1,91,46,7.31,scattered clouds
491,Muhos,FI,64.808,25.9931,29.7,96,100,4.92,overcast clouds
492,Arenal,CO,8.4593,-73.9433,91.38,44,69,5.59,broken clouds
493,Chokurdakh,RU,70.6333,147.9167,-35.18,96,100,1.61,overcast clouds
494,Alberdi,AR,-32.8899,-60.6906,96.26,24,55,5.97,moderate rain
495,Kambove,CD,-10.8764,26.5969,70.47,57,95,1.5,overcast clouds
496,Chara,RU,56.9064,118.2631,-15.07,90,98,0.63,overcast clouds
497,La Baneza,ES,42.3003,-5.8977,52.07,82,41,3.29,scattered clouds
498,Ghanzi,BW,-21.5667,21.7833,73.31,63,100,6.8,overcast clouds
499,Raudeberg,NO,61.9875,5.1352,42.96,85,100,7.0,overcast clouds
500,Bowen,AU,-20.0167,148.2333,79.39,72,39,12.57,scattered clouds
501,Kaeo,NZ,-35.1,173.7833,70.32,97,98,2.3,moderate rain
502,Whitehorse,CA,60.7161,-135.0538,-5.03,71,90,9.22,light snow
503,Senno,RU,59.5336,33.9167,24.51,94,96,6.49,overcast clouds
504,Bontang,ID,0.1333,117.5,76.57,90,90,5.14,overcast clouds
505,Vsetin,CZ,49.3387,17.9962,26.87,99,93,1.77,overcast clouds
506,Kerema,PG,-7.9631,145.7785,77.38,92,98,6.87,moderate rain
507,Kananga,CD,-5.8958,22.4178,71.22,96,85,2.66,light rain
508,Zhoucheng,CN,35.9122,116.3117,37.02,39,0,3.31,clear sky
509,Biak,ID,-0.9131,122.8766,77.41,84,99,3.04,overcast clouds
510,Tateyama,JP,34.9833,139.8667,54.01,64,10,13.96,clear sky
511,Nampula,MZ,-15.1165,39.2666,82.35,54,0,14.97,clear sky
512,Gerash,IR,27.6652,54.1371,48.34,29,3,1.34,clear sky
513,Intipuca,SV,13.1969,-88.0544,91.29,45,0,4.79,clear sky
514,Marawi,PH,7.9986,124.2928,67.64,97,70,1.32,broken clouds
515,Peniche,PT,39.3558,-9.3811,64.62,70,15,2.08,few clouds
516,Jacareacanga,BR,-6.2222,-57.7528,82.96,82,98,2.44,overcast clouds
517,Pasighat,IN,28.0667,95.3333,59.9,62,46,3.31,scattered clouds
518,Ternate,ID,0.8,127.4,81.82,81,95,8.43,overcast clouds
519,Ilfracombe,GB,51.2093,-4.1134,53.92,83,100,14.0,overcast clouds
520,Auki,SB,-8.7676,160.7034,77.5,90,100,5.95,overcast clouds
521,Falun,SE,60.6036,15.626,30.61,96,100,3.51,overcast clouds
522,Bismarck,US,46.8083,-100.7837,41.86,59,1,3.44,clear sky
523,Bud,US,39.447,-86.1758,48.83,47,17,13.22,few clouds
524,Makakilo City,US,21.3469,-158.0858,73.72,79,75,4.61,broken clouds
525,Wilmington,US,34.2257,-77.9447,59.86,55,54,1.99,broken clouds
526,Mahibadhoo,MV,3.7833,72.9667,81.88,75,100,12.03,overcast clouds
527,Manavalakurichi,IN,8.1333,77.3,78.89,83,82,10.98,broken clouds
528,Techiman,GH,7.5862,-1.9414,83.23,34,100,3.38,overcast clouds
529,Pangody,RU,65.85,74.4859,-25.51,100,36,4.54,scattered clouds
530,Vallenar,CL,-28.5708,-70.7581,82.31,19,0,13.71,clear sky
531,Casper,US,42.8666,-106.3131,40.01,45,1,34.52,clear sky
532,Filingue,NE,14.3521,3.3168,83.25,11,60,7.05,broken clouds
533,Berlevag,NO,70.8578,29.0864,28.4,91,100,14.45,light snow
534,Lago Da Pedra,BR,-4.3333,-45.1667,92.43,48,86,3.58,overcast clouds
535,Hofn,IS,64.2539,-15.2082,40.84,87,84,11.54,broken clouds
536,Novonikolsk,RU,43.8506,131.8645,13.78,62,14,15.79,few clouds
537,Saint-Ambroise,CA,48.5501,-71.3324,32.58,74,74,15.01,broken clouds
538,Amol,IR,36.4696,52.3507,54.75,89,100,3.69,overcast clouds
539,Pochutla,MX,15.7432,-96.4661,93.02,48,1,7.14,clear sky
540,Ler,SS,8.3018,30.1418,82.51,26,99,3.53,overcast clouds
541,Mpulungu,ZM,-8.7623,31.1141,77.72,64,67,7.25,broken clouds
542,Kantunilkin,MX,21.0917,-87.45,84.04,52,16,4.56,few clouds
543,Nantucket,US,41.2835,-70.0995,47.97,40,1,17.27,clear sky
544,Miles City,US,46.4083,-105.8406,51.51,45,1,12.66,clear sky
545,Half Moon Bay,US,37.4636,-122.4286,55.06,84,90,8.01,mist
546,Asyut,EG,27.181,31.1837,69.35,35,100,5.95,overcast clouds
547,Hualmay,PE,-11.0964,-77.6139,72.7,72,56,10.56,broken clouds
548,Koroni,GR,36.8,21.95,52.07,72,23,7.14,few clouds
549,Killybegs,IE,54.6333,-8.45,53.46,80,100,31.83,overcast clouds
550,Segou,ML,13.4317,-6.2157,86.04,10,100,6.51,overcast clouds
551,Sailana,IN,23.4667,74.9167,61.77,55,0,7.9,clear sky
552,Ola,RU,59.5833,151.2833,15.1,92,100,8.93,light snow
553,Waterboro,US,43.5356,-70.7151,46.33,32,1,1.01,clear sky
554,Gawler,AU,-34.6,138.7333,69.44,63,34,3.04,scattered clouds
555,Cabo San Lucas,MX,22.8909,-109.9124,78.51,66,20,3.0,few clouds
556,Lethem,GY,3.3803,-59.7968,88.25,56,97,10.69,light rain
557,Saint-Augustin,CA,51.226,-58.6502,37.09,95,100,21.63,overcast clouds
558,Maceio,BR,-9.6658,-35.7353,89.04,55,40,16.11,scattered clouds
559,Tual,ID,-5.6667,132.75,84.65,71,94,11.77,overcast clouds
560,Eufaula,US,31.8913,-85.1455,61.43,32,56,6.24,broken clouds
561,Russell,US,32.3502,-85.1999,60.39,50,1,4.61,clear sky
562,Hudiksvall,SE,61.729,17.1036,29.17,93,99,6.62,overcast clouds
563,Vagur,FO,61.4732,-6.8119,44.82,68,100,17.31,overcast clouds
564,Sangre Grande,TT,10.5835,-61.1177,79.93,90,97,6.2,overcast clouds
565,Thaton,MM,16.9206,97.3714,72.57,70,1,2.28,clear sky
566,Mogadishu,SO,2.0371,45.3438,79.79,83,42,20.56,scattered clouds
567,Kichera,RU,55.9375,110.0997,8.51,93,100,2.57,overcast clouds
568,Ravar,IR,31.2656,56.8055,47.64,44,0,3.36,clear sky
569,Sept-Iles,CA,50.2001,-66.3821,32.52,73,75,15.99,broken clouds
570,Port Hardy,CA,50.6996,-127.4199,37.76,100,90,8.05,light shower snow
571,Buraydah,SA,26.326,43.975,59.45,31,77,7.92,broken clouds
572,Mandiana,GN,10.6333,-8.6833,83.95,14,100,4.07,overcast clouds
573,Shakawe,BW,-18.3667,21.85,72.9,66,100,4.88,overcast clouds
574,Kenitra,MA,34.261,-6.5802,60.73,71,0,5.3,clear sky
575,Qinhuangdao,CN,39.9317,119.5883,26.08,34,0,6.46,clear sky
576,La Ronge,CA,55.1001,-105.2842,8.85,85,75,1.14,broken clouds
577,Shelburne,CA,44.0787,-80.2041,41.76,76,5,19.64,clear sky
578,Vila,PT,42.0304,-8.1588,47.93,82,67,4.18,broken clouds
579,Moyobamba,PE,-6.05,-76.9667,78.78,74,79,3.4,broken clouds
580,Tokur,RU,53.1333,132.9,-4.67,100,100,1.28,overcast clouds
581,Aguascalientes,MX,21.8833,-102.3,69.75,30,1,5.75,clear sky
582,Mahebourg,MU,-20.4081,57.7,79.09,69,40,11.5,scattered clouds
583,Igrim,RU,63.1906,64.4162,12.61,97,99,3.13,overcast clouds
584,Korla,CN,41.7597,86.1469,19.53,72,43,2.39,scattered clouds
585,Zyryanka,RU,65.75,150.85,-41.12,99,92,5.08,overcast clouds
586,Airai,TL,-8.9266,125.4092,61.39,91,100,1.32,overcast clouds
587,Ayagoz,KZ,47.9714,80.4392,20.03,96,100,2.26,light snow
588,Gamboma,CG,-1.8764,15.8644,72.46,95,100,1.57,overcast clouds
589,Sobolevo,RU,54.4299,31.8996,33.89,98,100,11.45,light snow
590,Malanje,AO,-9.5402,16.341,68.95,91,85,3.67,moderate rain
591,Garissa,KE,-0.4536,39.6401,83.5,56,99,7.02,overcast clouds
592,Dunedin,NZ,-45.8742,170.5036,54.81,75,32,1.01,scattered clouds
593,Bilibino,RU,68.0546,166.4372,-37.68,97,19,4.85,few clouds
594,Pinas,EC,-3.6667,-79.65,76.32,81,93,5.66,moderate rain
595,Faya,SA,18.3851,42.4509,55.51,37,16,5.66,few clouds
596,Trincomalee,LK,8.5711,81.2335,80.91,79,78,14.41,broken clouds
597,Venice,US,27.0998,-82.4543,85.26,73,1,8.05,clear sky
598,Mayor Pablo Lagerenza,PY,-19.9309,-60.7718,92.08,45,100,11.99,overcast clouds
599,Sagua La Grande,CU,22.8067,-80.0756,85.19,62,16,12.88,few clouds
600,Sambava,MG,-14.2667,50.1667,76.59,84,78,8.1,broken clouds
601,Okhotsk,RU,59.3833,143.3,-1.7,76,92,18.39,overcast clouds
602,Orel-Izumrud,RU,43.4583,39.9244,48.22,71,100,8.95,overcast clouds
603,Cascais,PT,38.6979,-9.4215,64.51,67,0,1.01,clear sky
604,Develi,TR,38.3906,35.4922,33.15,50,1,6.69,clear sky
605,Celestun,MX,20.8667,-90.4,83.48,60,38,6.26,scattered clouds
606,Kharhial,IN,20.2833,82.7667,63.73,58,46,2.62,scattered clouds
607,Souris,CA,49.6172,-100.2612,35.74,83,67,10.2,broken clouds
608,Maarianhamina,AX,60.0973,19.9348,30.06,93,20,1.14,fog
609,Dunmore East,IE,52.1514,-6.9861,53.78,79,75,32.21,broken clouds
610,Bure,ET,10.7,37.0667,58.28,35,91,5.59,overcast clouds
611,Limpapa,PH,7.1197,121.9106,74.53,85,47,4.41,scattered clouds
612,Lazarev,RU,52.225,141.5131,20.86,95,100,10.56,light snow
613,Udachnyy,RU,66.4167,112.4,-46.55,64,99,4.18,overcast clouds
614,Kedrovyy,RU,56.1667,91.8167,9.01,94,100,8.05,overcast clouds
615,Odienne,CI,9.51,-7.5692,84.22,21,4,1.99,clear sky
616,Romitan,UZ,39.9343,64.3814,44.55,93,40,4.61,mist
617,Taungdwingyi,MM,20.0167,95.55,68.34,76,2,4.27,clear sky
618,Ginir,ET,7.1333,40.7,58.1,55,52,2.57,broken clouds
619,Havre-Saint-Pierre,CA,50.2334,-63.5986,33.8,55,75,42.57,broken clouds
620,Geraldton,AU,-28.7667,114.6,61.12,77,33,8.05,scattered clouds
621,Sijunjung,ID,-0.6876,100.9537,72.25,99,100,0.94,overcast clouds
622,Mega,ET,4.05,38.3,64.65,49,75,14.2,broken clouds
623,Harindanga,IN,22.0383,88.3214,67.98,55,1,3.8,clear sky
624,Zhigansk,RU,66.7697,123.3711,-39.1,100,96,3.13,overcast clouds
625,Belyy Yar,RU,53.6039,91.3903,22.89,72,0,11.18,clear sky
626,Kushiro,JP,42.975,144.3747,38.52,60,35,25.86,scattered clouds
627,Zhuzhou,CN,27.8333,113.15,48.33,76,100,3.6,overcast clouds
628,Stolin,BY,51.8912,26.846,36.9,98,100,3.53,overcast clouds
629,Puerto Carreno,CO,6.189,-67.4859,89.58,58,40,13.8,scattered clouds
630,Hay River,CA,60.8156,-115.7999,-0.42,78,75,12.66,broken clouds
631,Buala,SB,-8.145,159.5921,80.74,83,100,6.42,light rain
632,Ketchikan,US,55.3422,-131.6461,36.07,55,40,14.97,scattered clouds
633,Kalmunai,LK,7.4167,81.8167,77.83,88,100,7.99,light rain
634,Orumiyeh,IR,37.5527,45.0761,38.53,52,1,4.05,clear sky
635,Shakiso,ET,5.75,38.9167,58.86,59,91,4.14,overcast clouds
636,Romanovo,RU,52.6182,81.2271,-3.84,99,69,5.32,broken clouds
637,Teykovo,RU,56.858,40.5369,18.91,93,98,7.05,overcast clouds
638,Verkhoyansk,RU,67.5447,133.385,-37.21,100,98,1.61,overcast clouds
639,Hammerfest,NO,70.6634,23.6821,31.73,100,90,6.91,light snow
640,Nargana,PA,9.4428,-78.5906,82.15,75,97,12.33,overcast clouds
641,Kaniama,CD,-7.5667,24.1833,68.65,97,85,3.33,moderate rain
642,De-Kastri,RU,51.4667,140.7833,18.84,91,96,10.25,overcast clouds
643,Opuwo,NA,-18.0607,13.84,80.78,39,82,7.72,broken clouds
644,Sechura,PE,-5.5569,-80.8222,77.65,60,59,11.21,broken clouds
645,Thibodaux,US,29.7958,-90.8229,61.02,73,90,4.0,overcast clouds
646,Doha,QA,25.2867,51.5333,67.98,71,0,10.36,clear sky
647,Sjenica,RS,43.2731,19.9994,23.04,97,100,3.24,light snow
648,Caravelas,BR,-17.7125,-39.2481,83.39,63,47,11.01,scattered clouds
649,Gat,IL,31.61,34.7642,69.4,40,100,2.39,overcast clouds
650,Vieste,IT,41.8825,16.175,46.9,61,94,31.0,overcast clouds
651,Charlottesville,US,38.0293,-78.4767,52.12,29,1,1.01,clear sky
652,Straznice,CZ,48.901,17.3168,32.86,94,91,5.01,overcast clouds
653,Swan River,CA,52.1058,-101.2676,22.89,74,85,2.3,overcast clouds
654,Krasnoarmeysk,RU,51.0239,45.6969,17.29,83,13,8.86,few clouds
655,Consuegra,ES,39.4625,-3.608,51.08,71,26,2.98,scattered clouds
656,Nouadhibou,MR,20.931,-17.0347,71.58,60,0,13.8,clear sky
657,Kashan,IR,33.9831,51.4364,52.38,48,0,0.96,clear sky
658,Kindu,CD,-2.95,25.95,71.19,96,100,0.72,overcast clouds
659,Temir,KZ,49.1414,57.13,15.28,79,11,14.97,few clouds
660,Leshukonskoye,RU,64.8989,45.7622,15.17,88,99,7.36,overcast clouds
661,Magistralnyy,RU,56.1725,107.4458,9.9,95,100,3.38,overcast clouds
662,West Bay,KY,19.3667,-81.4167,85.06,76,20,1.99,few clouds
663,Kasongo-Lunda,CD,-6.4667,16.8167,72.1,96,43,2.26,scattered clouds
664,Carmen,MX,18.6333,-91.8333,84.24,70,40,6.91,scattered clouds
665,Tumen,CN,42.9661,129.8425,13.62,56,75,17.36,broken clouds
666,Vanimo,PG,-2.6741,141.3028,79.09,88,100,7.25,overcast clouds
667,Yabrud,SY,33.9674,36.6574,40.66,47,100,6.73,overcast clouds
668,Seminole,US,28.7086,-81.2081,86.43,71,40,5.75,scattered clouds
669,Perelyub,RU,51.8667,50.3667,13.93,86,7,4.68,clear sky
670,La Rochelle,FR,46.1667,-1.15,52.68,93,90,8.05,overcast clouds
671,Coihaique,CL,-45.5752,-72.0662,63.21,41,40,11.5,scattered clouds
672,Suez,EG,29.9737,32.5263,67.46,49,100,2.89,overcast clouds
673,Sawakin,SD,19.1059,37.3321,81.86,70,9,14.12,clear sky
674,Raymondville,US,26.4815,-97.7831,66.2,42,7,7.76,clear sky
675,Zhengjiatun,CN,43.5064,123.5064,9.3,80,2,5.88,clear sky
676,Pioner,RU,55.3166,85.9508,2.64,78,40,6.71,light snow
677,Kissidougou,GN,9.1848,-10.0999,82.13,34,64,4.14,broken clouds
678,San Carlos De Bariloche,AR,-41.1456,-71.3082,49.75,53,75,31.07,light rain
679,Qandala,SO,11.472,49.8728,76.57,78,28,9.95,scattered clouds
680,Barras,BR,-4.2444,-42.2944,102.97,22,62,5.91,broken clouds
681,Hearst,CA,49.6835,-83.6665,34.05,83,99,14.32,overcast clouds
682,Emirdag,TR,39.0197,31.15,47.23,65,23,6.26,few clouds
683,Shingu,JP,33.7333,135.9833,52.02,69,11,12.71,few clouds
684,Praya,CV,14.9215,-23.5087,79.34,61,40,10.36,scattered clouds
685,Edmonds,US,47.8107,-122.3774,42.85,87,90,1.99,moderate rain
686,Guilin,CN,25.2819,110.2864,51.91,70,57,7.61,broken clouds
687,Upata,VE,8.0086,-62.3989,77.13,82,100,4.56,overcast clouds
688,Pangai,TO,-19.8,-174.35,77.11,83,40,9.22,light rain
689,Broken Hill,AU,-31.95,141.4333,65.91,27,7,6.91,clear sky
690,Toora-Khem,RU,52.4675,96.11,2.86,97,97,2.04,overcast clouds
691,General Cepeda,MX,25.3833,-101.45,58.41,38,2,1.79,clear sky
692,New Bern,US,35.1085,-77.0441,58.03,48,1,11.5,clear sky
693,Cuiluan,CN,47.72,128.648,-3.6,95,44,5.66,scattered clouds
694,Aleksandrov Gay,RU,50.147,48.5704,22.62,61,4,8.79,clear sky
695,Riyadh,SA,24.6877,46.7219,57.34,23,73,8.03,broken clouds
696,Kutum,SD,14.2,24.6667,72.12,19,74,7.43,broken clouds
